John Doe,1234567890,2023-10-01 10:00,30
Jane Smith,0987654321,2023-10-02 11:00,45
Alice Johnson,5555555555,2023-10-03 12:00,20
Bob Brown,4444444444,2023-10-04 13:00,50
Charlie Davis,3333333333,2023-10-05 14:00,15
David Wilson,2222222222,2023-10-06 15:00,25
Emma Thomas,1111111111,2023-10-07 16:00,35
Frank Harris,6666666666,2023-10-08 17:00,40
Grace Lee,7777777777,2023-10-09 18:00,10
Henry Walker,8888888888,2023-10-10 19:00,55
Ivy Hall,9999999999,2023-10-11 20:00,60
Jack Young,1010101010,2023-10-12 21:00,5
Karen King,2020202020,2023-10-13 22:00,50
Leo Scott,3030303030,2023-10-14 23:00,45
Mia Green,4040404040,2023-10-15 09:00,30
Noah Adams,5050505050,2023-10-16 08:00,25
Olivia Baker,6060606060,2023-10-17 07:00,20
Paul Carter,7070707070,2023-10-18 06:00,15
Quinn Mitchell,8080808080,2023-10-19 05:00,10
Rachel Perez,9090909090,2023-10-20 04:00,5
Sam Turner,1112131415,2023-10-21 03:00,50
Tina Collins,1213141516,2023-10-22 02:00,45
Uma Foster,1314151617,2023-10-23 01:00,40
Victor Hughes,1415161718,2023-10-24 00:00,35
Wendy Jenkins,1516171819,2023-10-25 23:59,30
Xander Knight,1617181920,2023-10-26 22:59,25
Yara Lopez,1718192021,2023-10-27 21:59,20
Zane Morgan,1819202122,2023-10-28 20:59,15